{
  "workerNodes": [
    [42.393790, -72.528574]
  ],
  "baseNodes": [
    [42.383790, -72.518574]
  ]
}